Palliative Care,patient,"You are a helpful, highly educated, and empathetic medical AI assistant. Provide detailed, structured, and informative answers using formatting like bullet points when appropriate. Always append this disclaimer at the very end of your answer: 'I am an AI, not a doctor. Please consult your oncologist or healthcare provider for personalized medical advice.'",How can I manage shortness of breath caused by my lung cancer?,"Retrieved Medical Guidelines for Palliative Care: Shortness of breath (dyspnea) is a common symptom in advanced lung cancer. Non-pharmacological management includes: using a fan directed at the face, positioning (sitting upright or leaning forward), relaxation techniques, and pacing activities. Pharmacological management often involves low-dose systemic opioids (like morphine) which decrease the sensation of breathlessness, and oxygen therapy if the patient is hypoxemic. Benzodiazepines may be used if anxiety is a major exacerbating factor.","Shortness of breath, also known as dyspnea, is a common and distressing symptom, but there are several effective ways to manage it:
- **Use a fan:** A handheld or bedside fan blowing cool air directly onto your face can stimulate nerves that help reduce the sensation of breathlessness.
- **Positioning:** Sitting upright or leaning forward resting your arms on a table can help your lungs expand more fully.
- **Pacing activities:** Break daily tasks into smaller steps and rest frequently. Save your energy for what is most important to you.
- **Medications:** Your palliative care doctor may prescribe low-dose opioids (such as a small amount of morphine). While typically used for pain, they are highly effective at relaxing the breathing center in the brain and relieving the feeling of breathlessness.
- **Oxygen therapy:** If your blood oxygen levels are low, supplemental oxygen may be prescribed.
- **Managing anxiety:** Feeling short of breath can cause anxiety, which makes breathing even harder. Relaxation techniques or anti-anxiety medications can help break this cycle.

*Disclaimer: I am an AI, not a doctor. Please consult your oncologist or healthcare provider for personalized medical advice.*"
Palliative Care,professional,"You are a specialized medical AI assistant designed for oncology professionals. Provide precise, comprehensive, and evidence-based answers using medical terminology based on the retrieved context.",What is the recommended pharmacological management of opioid-induced constipation (OIC) in cancer patients?,"Retrieved Medical Guidelines for Palliative Care: Opioid-induced constipation (OIC) is a ubiquitous side effect that does not undergo tolerance. Prophylaxis with a stimulant laxative (e.g., senna) and an osmotic laxative (e.g., polyethylene glycol) should be initiated concurrently with opioid prescribing. If refractory, Peripherally Acting Mu-Opioid Receptor Antagonists (PAMORAs) such as methylnaltrexone or naloxegol are indicated. Bulk-forming laxatives (psyllium) are generally contraindicated as they can exacerbate symptoms or cause bowel obstruction in patients with inadequate fluid intake or compromised gut motility.","The management of opioid-induced constipation (OIC) in oncology requires a proactive and stepwise pharmacological approach, as tolerance to OIC does not develop over time:
- **Prophylactic Bowel Regimen:** A prophylactic bowel regimen must be initiated concurrently with the start of opioid therapy. The standard of care combines a stimulant laxative (e.g., senna or bisacodyl) to promote peristalsis, with an osmotic laxative (e.g., polyethylene glycol) to increase intraluminal water content.
- **Refractory OIC:** For patients who remain refractory to optimized traditional laxative therapy, targeted intervention with Peripherally Acting Mu-Opioid Receptor Antagonists (PAMORAs)—such as subcutaneous methylnaltrexone or oral naloxegol—is indicated. These agents specifically block peripheral mu-receptors in the gut without crossing the blood-brain barrier, thereby reversing OIC without compromising central analgesia.
- **Contraindications:** Bulk-forming laxatives (e.g., psyllium) should generally be avoided. In oncology patients with compromised gastrointestinal motility, advanced disease, or inadequate oral fluid intake, bulk-forming agents can exacerbate constipation and increase the risk of bowel impaction or obstruction."
Radiation Therapy,patient,"You are a helpful, highly educated, and empathetic medical AI assistant. Provide detailed, structured, and informative answers using formatting like bullet points when appropriate. Always append this disclaimer at the very end of your answer: 'I am an AI, not a doctor. Please consult your oncologist or healthcare provider for personalized medical advice.'",Is it safe to use deodorant during my breast radiation therapy?,"Retrieved Medical Guidelines for Radiation Therapy: Historically, patients were told to avoid aluminum-based deodorants during breast or axillary radiation due to fears of the aluminum increasing skin toxicity. However, modern research and updated guidelines from the American Cancer Society indicate that the use of standard aluminum-based antiperspirants or deodorants does not increase radiation dermatitis or skin toxicity. Patients can safely use their regular deodorant unless the skin under the arm becomes broken, blistering, or severely irritated, at which point they should stop and consult their radiation oncologist.","Yes, in most cases, it is completely safe to use your regular deodorant during breast radiation therapy.
- **Updated Guidelines:** In the past, doctors used to recommend avoiding deodorants containing aluminum, fearing it might make the radiation burn worse. However, modern clinical studies have shown that using standard antiperspirants or deodorants does not increase skin irritation or interfere with the radiation beam.
- **When to Stop:** You can continue using your preferred deodorant unless the skin under your arm becomes broken, raw, blistering, or severely painful. If your skin reaches that point of irritation (known as moist desquamation), you should stop using deodorant and ask your radiation oncologist or nurse for specific soothing creams or wound care instructions.

*Disclaimer: I am an AI, not a doctor. Please consult your oncologist or healthcare provider for personalized medical advice.*"
Radiation Therapy,professional,"You are a specialized medical AI assistant designed for oncology professionals. Provide precise, comprehensive, and evidence-based answers using medical terminology based on the retrieved context.",What is the clinical rationale for using High-Dose-Rate (HDR) brachytherapy as a monotherapy for favorable-risk prostate cancer?,"Retrieved Medical Guidelines for Radiation Therapy: HDR brachytherapy as monotherapy is an established definitive treatment for low- and favorable-intermediate-risk localized prostate cancer. The clinical rationale is based on the radiobiology of prostate adenocarcinoma, which exhibits a low alpha/beta ratio (estimated at 1.5 to 3.0). This low alpha/beta ratio indicates high sensitivity to large radiation fraction sizes. HDR brachytherapy, utilizing an Iridium-192 source, delivers a highly conformal, ultra-hypofractionated dose directly within the gland, exploiting this radiobiological sensitivity while preserving surrounding organs at risk (OARs) such as the rectum and bladder due to the rapid dose fall-off.","The utilization of High-Dose-Rate (HDR) brachytherapy as monotherapy for low- and favorable-intermediate-risk localized prostate cancer is strongly supported by both radiobiological principles and dosimetric advantages:
- **Radiobiological Rationale:** Prostate adenocarcinoma is characterized by a uniquely low alpha/beta ratio (estimated to be between 1.5 and 3.0). Tissues with low alpha/beta ratios are highly sensitive to large fraction sizes. HDR brachytherapy capitalizes on this by delivering an ultra-hypofractionated, ablative dose of radiation in just a few fractions (e.g., 2 to 3 fractions, or even a single fraction in trial settings), thereby maximizing the biological effective dose (BED) to the tumor.
- **Dosimetric Precision:** By temporarily deploying a high-activity radioisotope (typically Iridium-192) directly into the prostate gland via interstitial catheters, HDR brachytherapy allows for extreme dose escalation within the target volume.
- **OAR Sparing:** The rapid geometric dose fall-off adhering to the inverse square law ensures steep dose gradients. This highly conformal dose distribution effectively spares adjacent organs at risk (OARs)—specifically the anterior rectal wall, bladder neck, and neurovascular bundles—resulting in a favorable toxicity profile compared to conventional external beam radiotherapy."
Survivorship,patient,"You are a helpful, highly educated, and empathetic medical AI assistant. Provide detailed, structured, and informative answers using formatting like bullet points when appropriate. Always append this disclaimer at the very end of your answer: 'I am an AI, not a doctor. Please consult your oncologist or healthcare provider for personalized medical advice.'","I am done with my cancer treatment, but I am terrified the cancer will come back. Is this normal?","Retrieved Medical Guidelines for Survivorship: Fear of Cancer Recurrence (FCR) is one of the most common psychological issues among cancer survivors, affecting up to 70% of patients. It is completely normal. Triggers include follow-up appointments (scanxiety), hearing about others with cancer, or physical symptoms like a random ache or pain. Management strategies include: cognitive behavioral therapy (CBT), joining a support group, practicing mindfulness and meditation, focusing on controllable lifestyle factors (diet, exercise), and openly discussing these fears with the oncology team to establish a clear follow-up plan.","First and foremost, please know that what you are feeling is completely normal. The fear of cancer recurrence (often called FCR) is one of the most common and challenging emotional struggles that survivors face. Up to 70% of cancer survivors experience this fear.

It is very common for this fear to spike before follow-up scans (often called 'scanxiety'), on the anniversary of your diagnosis, or whenever you feel a random ache or pain in your body.

Here are some strategies to help manage these fears:
- **Acknowledge your feelings:** Don't judge yourself for being scared. Your body went through a trauma, and your brain is naturally trying to protect you.
- **Focus on what you can control:** You cannot control the future, but you can control your daily habits. Focusing on eating a healthy diet, exercising, and getting enough sleep can help you feel more empowered.
- **Know your follow-up plan:** Discuss your Survivorship Care Plan with your doctor. Knowing exactly when your next scans and blood tests are scheduled can provide a sense of structure and safety.
- **Seek support:** Consider joining a cancer survivor support group where you can talk to others who truly understand what you are going through.
- **Professional help:** If this fear is paralyzing and preventing you from enjoying your life, ask your doctor for a referral to an oncology counselor or therapist who specializes in Cognitive Behavioral Therapy (CBT).

*Disclaimer: I am an AI, not a doctor. Please consult your oncologist or healthcare provider for personalized medical advice.*"
Survivorship,professional,"You are a specialized medical AI assistant designed for oncology professionals. Provide precise, comprehensive, and evidence-based answers using medical terminology based on the retrieved context.",What are the long-term surveillance recommendations for cardiotoxicity in childhood cancer survivors previously treated with anthracyclines?,"Retrieved Medical Guidelines for Survivorship: Childhood cancer survivors treated with anthracyclines (e.g., doxorubicin, daunorubicin) are at a lifelong, dose-dependent risk for late-onset cardiotoxicity, particularly left ventricular dysfunction and heart failure. The Children's Oncology Group (COG) Long-Term Follow-Up Guidelines recommend baseline and periodic echocardiographic screening. Frequency depends on the cumulative anthracycline dose and concurrent chest radiation. For high-risk patients (e.g., cumulative dose >= 250 mg/m2, or >= 100 mg/m2 with chest radiation), an echocardiogram is recommended every 1-2 years. For low-to-moderate risk, screening is every 2-5 years. The integration of cardiac biomarkers (troponin, NT-proBNP) is also increasingly utilized to detect subclinical myocardial injury.","Long-term surveillance for cardiotoxicity is a critical component of survivorship care for childhood cancer survivors exposed to anthracyclines (e.g., doxorubicin, daunorubicin), as these agents induce dose-dependent, progressive, and often irreversible myocardial damage.
- **Risk Stratification:** The risk of late-onset cardiomyopathy and left ventricular dysfunction is directly proportional to the cumulative anthracycline dose (mg/m²) and the presence of concurrent cardiotoxic therapies, such as chest-directed radiotherapy.
- **Echocardiographic Surveillance:** The Children's Oncology Group (COG) Long-Term Follow-Up Guidelines dictate that lifelong periodic echocardiography is the standard of care.
  - **High-Risk Cohort:** Patients who received a cumulative anthracycline dose ≥ 250 mg/m², or ≥ 100 mg/m² combined with chest radiation, require an echocardiogram every 1 to 2 years.
  - **Low-to-Moderate Risk Cohort:** Patients with lower cumulative exposures typically require screening every 2 to 5 years.
- **Biomarker Integration:** In addition to evaluating the left ventricular ejection fraction (LVEF) and global longitudinal strain (GLS) via echocardiography, current guidelines increasingly support the periodic assessment of cardiac biomarkers (such as high-sensitivity troponin and NT-proBNP) to identify subclinical myocardial injury before overt functional decline occurs."
Clinical Trials,patient,"You are a helpful, highly educated, and empathetic medical AI assistant. Provide detailed, structured, and informative answers using formatting like bullet points when appropriate. Always append this disclaimer at the very end of your answer: 'I am an AI, not a doctor. Please consult your oncologist or healthcare provider for personalized medical advice.'","If I join a clinical trial for cancer, will I be given a sugar pill (placebo) instead of real treatment?","Retrieved Medical Guidelines for Clinical Trials: A common misconception is that cancer patients in clinical trials might only receive a placebo (a sugar pill with no active medicine) and be left untreated. In modern oncology, it is considered highly unethical to leave cancer untreated if a proven standard treatment exists. Placebos are rarely used in cancer trials. When they are used, it is almost always in addition to the standard of care. For example, one group gets the Standard Treatment + New Drug, while the other group gets the Standard Treatment + Placebo. In this way, every single patient receives, at a bare minimum, the best currently available standard treatment for their cancer.","This is one of the most common and understandable fears about joining a clinical trial, but you can rest assured: **you will not be left untreated.**

In modern cancer research, it is considered highly unethical to give a patient only a placebo (a 'sugar pill') when a proven, effective treatment already exists for their type of cancer.
- **How placebos are actually used:** Placebos are rarely used in oncology trials. When they are used, they are almost always given *in addition* to the standard treatment.
- **The typical trial design:** In a trial testing a new drug, patients are usually divided into two groups. Group A will receive the Standard Best Treatment + the New Experimental Drug. Group B will receive the Standard Best Treatment + a Placebo.
- **The Guarantee:** This means that no matter which group you are randomly assigned to, you are guaranteed to receive, at the absolute minimum, the current best-known standard of care for your specific cancer.

Your doctor and the clinical trial consent forms will explicitly tell you if a placebo is part of the trial design before you ever agree to participate.

*Disclaimer: I am an AI, not a doctor. Please consult your oncologist or healthcare provider for personalized medical advice.*"
Clinical Trials,professional,"You are a specialized medical AI assistant designed for oncology professionals. Provide precise, comprehensive, and evidence-based answers using medical terminology based on the retrieved context.",What is the primary objective and design of a Phase 0 (window of opportunity) oncology clinical trial?,"Retrieved Medical Guidelines for Clinical Trials: Phase 0 (or window-of-opportunity) trials are exploratory, first-in-human studies conducted before traditional Phase I dose-escalation trials. They involve administering a sub-therapeutic or very low dose of an investigational agent to a small number of patients (typically 10-15) for a short duration (e.g., 7-14 days) prior to a planned surgical resection. The primary objective is not to evaluate safety or anti-tumor efficacy, but to confirm the mechanism of action, pharmacokinetics (PK), and pharmacodynamics (PD) in human tissue. By analyzing the resected tumor, investigators can determine if the drug effectively reaches the target and modulates the intended molecular pathway, allowing for rapid go/no-go decisions for future clinical development.","Phase 0, or 'window-of-opportunity' trials, represent a distinct paradigm in early-phase oncologic drug development, fundamentally differing from traditional Phase I trials.
- **Primary Objective:** The primary endpoint of a Phase 0 trial is entirely exploratory. It is not designed to establish the Maximum Tolerated Dose (MTD), nor is it intended to observe preliminary anti-tumor efficacy. Instead, the goal is to validate the drug's mechanism of action, confirm target engagement, and acquire human pharmacokinetic (PK) and pharmacodynamic (PD) data at the tissue level.
- **Trial Design:** These trials are typically conducted in the 'window' between a patient's cancer diagnosis and their planned definitive surgical resection. A small cohort of patients (usually 10-15) is administered a sub-therapeutic or micro-dose of the investigational agent for a brief duration (e.g., 7 to 14 days).
- **Tissue Analysis:** Upon surgical resection, the tumor tissue and peripheral blood are extensively analyzed to confirm whether the agent successfully penetrated the tumor microenvironment and appropriately modulated the intended molecular target or signaling pathway.
- **Clinical Utility:** This design allows pharmaceutical developers to make rapid, data-driven 'go/no-go' decisions regarding a drug's viability before investing the substantial time and financial resources required for Phase I-III clinical testing."
Cancer Genetics and Risk Assessment,patient,"You are a helpful, highly educated, and empathetic medical AI assistant. Provide detailed, structured, and informative answers using formatting like bullet points when appropriate. Always append this disclaimer at the very end of your answer: 'I am an AI, not a doctor. Please consult your oncologist or healthcare provider for personalized medical advice.'",What does it mean if I test positive for a BRCA gene mutation?,"Retrieved Medical Guidelines for Cancer Genetics and Risk Assessment: BRCA1 and BRCA2 are tumor suppressor genes that help repair damaged DNA. When a person inherits a mutated version of one of these genes, their cells are less able to repair DNA, leading to a significantly higher risk of developing certain cancers. For women, a BRCA mutation drastically increases the lifetime risk of breast cancer (up to 70%) and ovarian cancer (up to 44%). For men, it increases the risk of prostate cancer and male breast cancer. Both sexes have a slightly increased risk of pancreatic cancer. Testing positive does not mean you have cancer, but it means you should take proactive steps, such as enhanced screening (breast MRIs), risk-reducing surgeries (preventative mastectomy or removal of ovaries), or using targeted therapies (PARP inhibitors) if cancer develops.","Testing positive for a BRCA1 or BRCA2 genetic mutation means you have inherited a specific change in your DNA that increases your risk of developing certain types of cancer.
- **What are BRCA genes?** Normally, BRCA genes act as your body's defense mechanism; they are 'tumor suppressor genes' that fix broken DNA to prevent tumors from forming. If the gene is mutated, it cannot do its repair job properly.
- **What are the risks?** For women, a BRCA mutation significantly increases the lifetime risk of developing breast cancer and ovarian cancer. For men, it increases the risk of prostate cancer and male breast cancer. Both men and women with this mutation also have a slightly higher risk of pancreatic cancer.
- **Does this mean I have cancer?** Absolutely not. It only means you have a higher *predisposition* or risk. Many people with BRCA mutations live long, healthy lives without ever developing cancer.
- **What are the next steps?** Knowing you have this mutation gives you power. You can work with your doctor on a proactive plan. This might include:
  - **Enhanced screening:** Getting breast MRIs in addition to mammograms at a younger age.
  - **Preventative surgery:** Electing to have surgeries, such as removing the breasts (prophylactic mastectomy) or the ovaries and fallopian tubes, to drastically lower your risk.
  - **Targeted treatments:** If cancer ever does develop, knowing your BRCA status allows your doctor to use specific, highly effective targeted drugs (like PARP inhibitors).

*Disclaimer: I am an AI, not a doctor. Please consult your oncologist or healthcare provider for personalized medical advice.*"
Precision Medicine,professional,"You are a specialized medical AI assistant designed for oncology professionals. Provide precise, comprehensive, and evidence-based answers using medical terminology based on the retrieved context.",What is the clinical utility of circulating tumor DNA (ctDNA) for Minimal Residual Disease (MRD) detection in solid tumors?,"Retrieved Medical Guidelines for Precision Medicine: Circulating tumor DNA (ctDNA) analysis is rapidly emerging as a highly sensitive tool for detecting Minimal Residual Disease (MRD) following curative-intent surgery or adjuvant therapy in solid tumors (e.g., colorectal, breast, and lung cancer). MRD refers to microscopic disease not visible on standard radiographic imaging. Detection of ctDNA post-operatively (MRD positivity) is a powerful negative prognostic indicator, nearly guaranteeing eventual clinical relapse if left untreated. Conversely, MRD negativity is associated with highly favorable recurrence-free survival. Clinical trials are currently assessing whether ctDNA status can guide the escalation of adjuvant chemotherapy in MRD-positive patients, or allow for the safe de-escalation or omission of toxic adjuvant therapy in MRD-negative patients.","The utilization of circulating tumor DNA (ctDNA) for the detection of Minimal Residual Disease (MRD) is transforming the post-operative management of solid tumors, particularly in colorectal, non-small cell lung, and breast cancers.
- **Clinical Utility and Prognostication:** Following curative-intent surgical resection, the detection of tumor-informed ctDNA in the peripheral blood signifies the presence of occult micrometastatic disease that is undetectable by standard radiographic imaging (CT/PET). MRD positivity is currently recognized as one of the most powerful negative prognostic biomarkers in oncology, demonstrating near-100% positive predictive value for eventual clinical and radiographic relapse if systemic therapy is not initiated.
- **MRD Negativity:** Conversely, the absence of detectable ctDNA (MRD negativity) following surgery is a strong positive prognostic indicator, correlating with significantly prolonged recurrence-free survival (RFS) and overall survival (OS).
- **Therapeutic Implications:** While currently integrated into routine surveillance protocols in some institutions, the ultimate clinical utility of MRD testing lies in therapeutic modulation. Numerous ongoing adaptive clinical trials (e.g., the CIRCULATE trials) are investigating whether real-time ctDNA status can safely guide the escalation of adjuvant chemotherapy for MRD-positive patients, or conversely, permit the safe omission of highly toxic adjuvant chemotherapy in MRD-negative patients who are unlikely to benefit."
Nutrition and Diet,patient,"You are a helpful, highly educated, and empathetic medical AI assistant. Provide detailed, structured, and informative answers using formatting like bullet points when appropriate. Always append this disclaimer at the very end of your answer: 'I am an AI, not a doctor. Please consult your oncologist or healthcare provider for personalized medical advice.'",Is the ketogenic (keto) diet safe and effective for treating my cancer?,"Retrieved Medical Guidelines for Nutrition and Diet: The ketogenic diet (high fat, ultra-low carbohydrate, moderate protein) is popular in the media for 'starving' cancer by depriving tumors of glucose. However, the scientific evidence is currently very limited and largely based on animal models, not large-scale human clinical trials. While it may be safe for some patients and is being studied alongside standard treatments for specific cancers like glioblastoma, it is not recommended as a replacement for standard cancer therapy. Furthermore, the extreme dietary restrictions can lead to dangerous, unintentional weight loss, muscle wasting (sarcopenia), vitamin deficiencies, and kidney strain during chemotherapy. Patients should consult an oncology dietitian before starting extreme diets.","The ketogenic (keto) diet—which is very high in fat and extremely low in carbohydrates—has gained a lot of attention on the internet based on the theory that it can 'starve' cancer cells by depriving them of sugar (glucose).

Here is what you need to know about its safety and effectiveness during cancer treatment:
- **Lack of Human Evidence:** While some early studies in mice and very small human trials have shown interesting results (particularly for certain brain tumors like glioblastoma), there is currently no robust clinical evidence that the keto diet cures cancer or slows tumor growth in humans. It is absolutely not a replacement for traditional treatments like chemotherapy, radiation, or surgery.
- **Risks During Treatment:** Cancer treatments take a massive toll on your body. The keto diet is highly restrictive, which can make it very difficult to consume enough calories. This can lead to dangerous, unintentional weight loss, loss of muscle mass (sarcopenia), and severe fatigue exactly when your body needs strength the most. It can also cause nutritional deficiencies and put extra strain on your kidneys and liver.
- **The Best Approach:** Most oncology dietitians recommend a balanced, Mediterranean-style diet rich in lean proteins, healthy fats, and complex carbohydrates (like vegetables and whole grains) to help you maintain your weight and heal from treatment.

You should never start a restrictive diet like keto during cancer treatment without strict supervision and approval from your oncologist and a registered oncology dietitian.

*Disclaimer: I am an AI, not a doctor. Please consult your oncologist or healthcare provider for personalized medical advice.*"
Chemotherapy Side Effects,professional,"You are a specialized medical AI assistant designed for oncology professionals. Provide precise, comprehensive, and evidence-based answers using medical terminology based on the retrieved context.",What are the management strategies for acute and chronic oxaliplatin-induced peripheral neuropathy (OIPN)?,"Retrieved Medical Guidelines for Chemotherapy Side Effects: Oxaliplatin-induced peripheral neuropathy (OIPN) presents in two distinct clinical phases. Acute OIPN occurs within hours to days of infusion, characterized by cold-induced dysesthesia and paresthesia in the extremities and perioral region; it is transient but requires cold avoidance. Chronic OIPN is cumulative, dose-dependent (typically emerging >540 mg/m2), and presents as a classic sensory stocking-glove neuropathy that can severely impact ADLs and be irreversible. No preventative pharmacological agents (e.g., calcium/magnesium infusions, glutathione) have proven effective. The primary management is preventative dose delay, reduction, or discontinuation based on regular neurological assessment. For established, painful chronic OIPN, ASCO guidelines recommend duloxetine as the only agent with proven, albeit modest, efficacy.","Oxaliplatin-induced peripheral neuropathy (OIPN) is a hallmark dose-limiting toxicity that manifests in two distinct clinical syndromes:
- **Acute OIPN:** This occurs rapidly (within hours to days of infusion) and is characterized by transient, cold-triggered dysesthesia, paresthesia, and muscle cramps affecting the extremities and perioral/pharyngolaryngeal regions. Management is strictly preventative via behavioral modifications, namely instructing the patient to meticulously avoid exposure to cold temperatures and the ingestion of cold foods/beverages during and for several days following the infusion.
- **Chronic Cumulative OIPN:** This is a progressive, sensory-predominant axonal polyneuropathy presenting in a classic 'stocking-glove' distribution. It is highly dose-dependent, typically manifesting when the cumulative oxaliplatin dose exceeds 540-850 mg/m². Unlike the acute form, chronic OIPN can be irreversible and lead to severe functional impairment.
- **Management Strategies:**
  - **Prevention:** No pharmacological agents (including calcium/magnesium infusions, gabapentin, or glutathione) have demonstrated efficacy in preventing OIPN.
  - **Dose Modification:** The cornerstone of management is rigorous clinical monitoring before each cycle. If grade 2 or 3 neuropathy develops, prompt dose reduction, cycle delay, or definitive discontinuation of oxaliplatin is mandatory to prevent permanent nerve damage.
  - **Symptomatic Treatment:** For patients suffering from established, painful chronic OIPN, ASCO clinical practice guidelines recommend duloxetine (a serotonin-norepinephrine reuptake inhibitor) as the only pharmacologic agent with demonstrated, albeit modest, clinical efficacy."
Targeted Therapies,patient,"You are a helpful, highly educated, and empathetic medical AI assistant. Provide detailed, structured, and informative answers using formatting like bullet points when appropriate. Always append this disclaimer at the very end of your answer: 'I am an AI, not a doctor. Please consult your oncologist or healthcare provider for personalized medical advice.'",How do PARP inhibitors work to treat my BRCA-mutated ovarian cancer?,"Retrieved Medical Guidelines for Targeted Therapies: PARP inhibitors (e.g., olaparib, niraparib) exploit a concept called 'synthetic lethality' to kill cancer cells. Normal cells use two main pathways to repair damaged DNA: the PARP pathway (for single-strand breaks) and the Homologous Recombination (HR) pathway (for double-strand breaks). The BRCA1 and BRCA2 genes control the HR pathway. If a patient has a BRCA mutation, their cancer cells cannot use the HR pathway. When a PARP inhibitor drug is given, it blocks the PARP pathway as well. Because both repair pathways are now broken, the cancer cells accumulate massive amounts of DNA damage and undergo apoptosis (cell death). Healthy cells are largely spared because they still have one functioning copy of the BRCA gene and can use the HR pathway.","PARP inhibitors (like olaparib or niraparib) are a brilliant example of targeted therapy that uses your cancer's own genetic weakness against it. They work through a scientific concept called 'synthetic lethality.' Here is a simple way to understand it:
- **The DNA Repair Toolboxes:** Every time cells divide, their DNA can get damaged. Cells have two main 'toolboxes' to fix this damage. The first toolbox relies on a protein called PARP. The second toolbox relies on the BRCA genes.
- **The Cancer's Weakness:** Because your ovarian cancer is driven by a BRCA mutation, the cancer cells' second toolbox is broken. They are completely reliant on the PARP toolbox to fix their DNA and stay alive.
- **The Drug's Attack:** When you take a PARP inhibitor, the drug effectively locks up the PARP toolbox.
- **The Result:** Now, the cancer cells have massive DNA damage but zero working toolboxes to fix it. The damage builds up rapidly, and the cancer cells die.
- **Protecting Healthy Cells:** Your normal, healthy cells are largely spared because they still possess enough normal BRCA function to repair themselves and survive the medication.

*Disclaimer: I am an AI, not a doctor. Please consult your oncologist or healthcare provider for personalized medical advice.*"
Psycho-Oncology,professional,"You are a specialized medical AI assistant designed for oncology professionals. Provide precise, comprehensive, and evidence-based answers using medical terminology based on the retrieved context.","What is the clinical value of routine distress screening in oncology, and which tool is recommended by the NCCN?","Retrieved Medical Guidelines for Psycho-Oncology: The National Comprehensive Cancer Network (NCCN) mandates that all cancer patients undergo routine distress screening at initial visits and at critical clinical transitions. Distress extends beyond depression and anxiety to include practical, family, physical, and spiritual burdens. The NCCN recommends using the Distress Thermometer, a validated, rapid self-report tool consisting of a visual analog scale (0-10) and a comprehensive problem list. A score of 4 or higher triggers a mandatory clinical evaluation and targeted referral to psycho-oncology, social work, or chaplaincy. Routine screening improves patient-provider communication, facilitates early identification of psychiatric morbidity, optimizes resource allocation, and ultimately improves adherence to oncologic treatments and quality of life.","The clinical implementation of routine distress screening in oncology represents a fundamental paradigm shift toward holistic, patient-centered care, formally mandated by the National Comprehensive Cancer Network (NCCN) and the Commission on Cancer (CoC).
- **Clinical Value:** Psychological distress in oncology encompasses a multifactorial spectrum of emotional, practical, physical, and spiritual burdens. Routine screening facilitates the early identification of psychiatric morbidity (e.g., adjustment disorders, clinical depression, severe anxiety) before it escalates into a crisis that could compromise treatment adherence, worsen physical symptom burden, or drastically impair the patient's quality of life. It also optimizes the allocation of psychosocial resources.
- **Recommended Tool:** The NCCN explicitly endorses the NCCN Distress Thermometer and Problem List. This is a rapid, validated, self-report instrument featuring a visual analog scale ranging from 0 (no distress) to 10 (extreme distress), accompanied by a 39-item checklist of potential stressors (practical, family, emotional, spiritual, and physical).
- **Clinical Action Threshold:** A score of 4 or greater on the Distress Thermometer is the universally recognized clinical threshold. Surpassing this score mandates secondary clinical evaluation by the oncology team and triggers a targeted referral pathway to appropriate multidisciplinary support services, such as clinical psychology, oncology social work, palliative care, or chaplaincy."
Radiation Oncology,professional,"You are a specialized medical AI assistant designed for oncology professionals. Provide precise, comprehensive, and evidence-based answers using medical terminology based on the retrieved context.",What is the rationale for utilizing Intensity-Modulated Radiation Therapy (IMRT) over 3D Conformal Radiation Therapy (3D-CRT) in the treatment of head and neck squamous cell carcinomas?,"Retrieved Medical Guidelines for Radiation Oncology: In the treatment of head and neck cancers, IMRT has largely replaced 3D-CRT due to its superior dosimetric profile. The head and neck anatomy is highly complex, with the tumor targets often wrapping around critical, radiosensitive organs at risk (OARs) such as the spinal cord, brainstem, parotid glands, and optic chiasm. IMRT utilizes inverse treatment planning and computer-controlled multi-leaf collimators (MLCs) to modulate the intensity of the radiation beam in multiple small volumes. This allows for highly conformal dose distributions, painting high doses to the tumor while creating steep dose gradients to spare the parotid glands (reducing severe permanent xerostomia) and spinal cord. It also facilitates the Simultaneous Integrated Boost (SIB) technique, delivering different daily fractional doses to gross disease and elective nodal volumes concurrently.","The transition from 3D Conformal Radiation Therapy (3D-CRT) to Intensity-Modulated Radiation Therapy (IMRT) as the standard of care for head and neck squamous cell carcinomas is driven by significant dosimetric superiority and clinical toxicity reduction:
- **Anatomical Complexity:** The head and neck region presents unique anatomical challenges, where complex clinical target volumes (CTVs) frequently wrap around or sit immediately adjacent to critical organs at risk (OARs), including the spinal cord, brainstem, optic apparatus, and salivary glands. 3D-CRT relies on uniform beam intensities, making it dosimetrically impossible to deliver a curative dose to the tumor without simultaneously delivering unacceptable doses to these juxtaposed OARs.
- **Dosimetric Superiority of IMRT:** IMRT employs inverse computer planning and dynamic multi-leaf collimators (MLCs) to continuously modulate the intensity of the radiation beam across thousands of small segments. This creates a highly conformal, 'sculpted' dose distribution with exceptionally steep dose fall-off gradients.
- **Toxicity Mitigation:** Clinically, this allows for dramatic sparing of the parotid and submandibular glands, resulting in statistically significant reductions in late, permanent, and debilitating xerostomia compared to 3D-CRT. It also guarantees spinal cord doses remain strictly below the threshold for radiation myelopathy.
- **Simultaneous Integrated Boost (SIB):** Furthermore, IMRT facilitates the SIB technique, allowing the radiation oncologist to deliver distinct fractional dose levels to the high-risk gross tumor volume and the lower-risk elective nodal basins simultaneously within the same treatment fraction, optimizing radiobiology and streamlining the treatment course."
